Shopping,Community,Food,Entertainment,Travel,Outdoors,Nightlife,accuracy,macro avg,weighted avg
0.4261451363870304,0.512,0.48568872987477646,0.0,0.010471204188481674,0.0,0.4105960264900662,0.4298245614035088,0.2635572995629078,0.39166217309999635
0.4503441494591937,0.47879973907371165,0.4620060790273556,0.0,0.0,0.0,0.3272727272727272,0.41541353383458646,0.24548895640471255,0.37374008777525947
0.46688034188034194,0.4911323328785812,0.5,0.0,0.02197802197802198,0.0,0.4133333333333333,0.4475502512562814,0.27047486143861116,0.41042490436462126
0.4527310924369748,0.4865951742627346,0.4988662131519274,0.0,0.0,0.0,0.3542435424354244,0.4371859296482412,0.2560622888981516,0.3980716770392921
0.46382978723404256,0.4491587417702999,0.5105285775676837,0.0,0.012121212121212121,0.0,0.454828660436137,0.4431532663316583,0.27006671130419646,0.406374205268573
