Shopping,Community,Food,Entertainment,Travel,Outdoors,Nightlife,accuracy,macro avg,weighted avg
0.5306525573192239,0.16311399443929564,0.3555404486743712,0.029680365296803648,0.00916030534351145,0.0027359781121751026,0.22521008403361342,0.40416367552045945,0.18801339045985635,0.326065859558074
0.5200000000000001,0.1550179211469534,0.3815526518063028,0.014051522248243558,0.0,0.0,0.2711864406779661,0.399617133285475,0.19168693369706657,0.3280967516900288
0.5162910971555227,0.15767245424683246,0.3741895646804569,0.046822742474916385,0.0,0.005326231691078562,0.25796661608497723,0.39741544352265473,0.19403838661911202,0.3258803848399987
0.5121075548086472,0.16384439359267736,0.40052816901408456,0.03189066059225513,0.0,0.0,0.24545454545454543,0.3981333758774729,0.1934036176374585,0.3305648139495205
0.5343761109136154,0.1665886757136172,0.35562310030395133,0.04109589041095891,0.0,0.013054830287206266,0.30400000000000005,0.407386726228462,0.2021055153756213,0.33213759911025076
