Shopping,Community,Food,Entertainment,Travel,Outdoors,Nightlife,accuracy,macro avg,weighted avg
0.4149950674120355,0.48211977595863853,0.6457802682968246,0.3282442748091603,0.5478395061728394,0.0,0.4943074003795066,0.5237580993520519,0.4161837561470007,0.49774569992299417
0.4521158129175947,0.5010790661173239,0.6275446981766686,0.22556390977443608,0.5887778631821676,0.0,0.4604585868039307,0.5210943124550036,0.4079342767103031,0.49434490544082
0.4176706827309237,0.5211375864719446,0.6056724611161939,0.0,0.6053811659192826,0.0,0.5636687444345504,0.5083573487031701,0.3876472343818422,0.4751901244038913
0.39629865985960433,0.4834220221039705,0.6197082888651725,0.3097872340425532,0.5655070318282753,0.0,0.5410928476232785,0.5100864553314121,0.41654515490326494,0.4877646208412863
0.3807246643369505,0.5065176908752328,0.6270456503014642,0.4325513196480939,0.6081180811808118,0.0,0.4680019540791402,0.5202449567723343,0.4318513372030991,0.49626819950240314
