Shopping,Community,Food,Entertainment,Travel,Outdoors,Nightlife,accuracy,macro avg,weighted avg
0.36579892280071813,0.5315904139433552,0.6374439461883408,0.4274952919020716,0.6016559337626495,0.0,0.4802431610942249,0.5243880489560835,0.4348896670987657,0.500073989444227
0.3589517727372825,0.5275523280649295,0.6297369335960135,0.45403377110694193,0.5298804780876494,0.0,0.5745614035087719,0.5218682505399568,0.43924524101451273,0.4985951171914038
0.3674176776429809,0.5446500402252615,0.6027656305401252,0.3518705763397371,0.5530303030303031,0.0,0.5920096852300242,0.5139589337175793,0.430249130429776,0.4905956297258137
0.39253852392538524,0.5170181666318645,0.6176997491938373,0.09234507897934385,0.4136657433056325,0.0,0.5752009184845007,0.5002701729106628,0.37263831150293775,0.46924500061961594
0.39673072675060744,0.5276225946617009,0.6187728182781769,0.42300556586270877,0.5981818181818183,0.0,0.49029982363315694,0.519992795389049,0.43637333533830985,0.4999370252051276
