Shopping,Community,Food,Entertainment,Travel,Outdoors,Nightlife,accuracy,macro avg,weighted avg
0.4542986425339367,0.5848979591836735,0.5982384823848238,0.575821104122991,0.6663419386264003,0.0,0.6208503203261502,0.565450861195542,0.5000640638825679,0.5535662685845256
0.40659017358046484,0.5828479614380399,0.6039914233877619,0.6071942446043165,0.6910778751933986,0.03837953091684435,0.5982678214523651,0.5595744680851064,0.5040498615104558,0.5481330195446981
0.40524508273493604,0.5599999999999999,0.5991826469663627,0.5810135617416131,0.6683673469387755,0.0,0.6004784688995215,0.5506585612968592,0.4877553010401727,0.5354071463399623
0.3876799464345497,0.5777690494893951,0.584554585871892,0.5551651440618413,0.6501035196687371,0.04310344827586207,0.5785592739648326,0.5440356744704571,0.48241928110958704,0.5284601823538538
0.41379310344827586,0.5836431226765799,0.6022394487510767,0.6002785515320335,0.7004704652378463,0.0,0.6224944320712694,0.5621769534813013,0.5032741605310117,0.5497380636099698
