Shopping,Community,Food,Entertainment,Travel,Outdoors,Nightlife
0.38594150846587993,0.44221105527638194,0.48158379373848986,0.2765957446808511,0.3333333333333333,0.2,0.4161490683229814
0.38775961113566065,0.3649789029535865,0.43836100317908866,0.6666666666666666,0.0,0.0,0.47337278106508873
0.3804028307022319,0.5121951219512195,0.4397677793904209,0.4375,0.0,0.16666666666666666,0.4271356783919598
0.3860416906599102,0.4292565947242206,0.4315523237432817,0.45161290322580644,0.0,0.0,0.36
0.3930551197573476,0.43309002433090027,0.4624505928853755,0.35294117647058826,0.0,0.19230769230769232,0.47738693467336685
