Shopping,Community,Food,Entertainment,Travel,Outdoors,Nightlife
0.4329331046312178,0.48087666523420713,0.5443744632121386,0.7142857142857143,0.874384236453202,0.0,0.5455497382198953
0.4600194237617352,0.47401633259094283,0.536552141667928,0.9230769230769231,0.8665158371040724,0.0,0.5301724137931034
0.4157441574415744,0.5012939001848429,0.5268183988540506,0.0,0.9101123595505618,0.0,0.5297071129707113
0.4096306068601583,0.4716453674121406,0.534519791347039,0.708171206225681,0.9408866995073891,0.0,0.523645743766122
0.433780385582565,0.47652417659425367,0.5229885057471264,0.8016304347826086,0.9258426966292135,0.0,0.552479815455594
