Shopping,Community,Food,Entertainment,Travel,Outdoors,Nightlife
0.3719676549865229,0.5261584454409567,0.41418764302059496,0.0,1.0,0.0,0.6326530612244898
0.37664473684210525,0.4542079207920792,0.4318181818181818,0.0,0.0,0.0,0.4017857142857143
0.44275582573454914,0.5278592375366569,0.4005681818181818,0.0,1.0,0.0,0.5904761904761905
0.38585496866606983,0.4776315789473684,0.44679122664500404,0.0,0.0,0.0,0.631578947368421
0.4316831683168317,0.43857142857142856,0.4396743153219837,0.0,1.0,0.0,0.5983606557377049
