Shopping,Community,Food,Entertainment,Travel,Outdoors,Nightlife
0.41539245667686037,0.48528241845664283,0.5399810066476733,0.8136200716845878,0.9185393258426966,0.0,0.5366847826086957
0.40567446490791437,0.48737174427782165,0.5370626606048626,0.7202380952380952,0.8956228956228957,0.0,0.5974914481185861
0.4090689821514713,0.49022447501810285,0.5193482688391039,0.8093023255813954,0.9449838187702265,0.0,0.5856287425149701
0.40417536534446763,0.46297681376215405,0.5441919191919192,0.3838383838383838,0.7441860465116279,0.0,0.5673839184597962
0.41728624535315983,0.4911402157164869,0.5302785627775535,0.8382352941176471,0.9164345403899722,0.0,0.5408560311284046
