Shopping,Community,Food,Entertainment,Travel,Outdoors,Nightlife
0.4375408763897973,0.5348571428571428,0.5154668979473837,0.8148820326678766,0.7732749178532311,0.0,0.5825977301387137
0.4576923076923077,0.5380545380545381,0.5209918286841364,0.7659235668789809,0.777262180974478,0.5,0.575
0.42501637197118536,0.5273752012882448,0.4994640943193998,0.8348968105065666,0.7807017543859649,0.0,0.592964824120603
0.4289185905224787,0.5449548488417746,0.49626349294215333,0.8565656565656565,0.762130177514793,0.0,0.5464632454923717
0.44713526284701716,0.5226190476190476,0.5218480378513777,0.836996336996337,0.7796817625458996,0.78125,0.5795795795795796
