Shopping,Community,Food,Entertainment,Travel,Outdoors,Nightlife
0.4987951807228916,0.4985835694050991,0.587027027027027,0.0,0.005263157894736842,0.0,0.30392156862745096
0.5599022004889975,0.5062068965517241,0.49673202614379086,0.0,0.0,0.0,0.27607361963190186
0.4937853107344633,0.45918367346938777,0.6650943396226415,0.0,0.011111111111111112,0.0,0.31794871794871793
0.5476493011435832,0.4959016393442623,0.5646817248459959,0.0,0.0,0.0,0.24615384615384617
0.5011494252873563,0.46026986506746626,0.6086065573770492,0.0,0.006097560975609756,0.0,0.36683417085427134
