Shopping,Community,Food,Entertainment,Travel,Outdoors,Nightlife
0.3267842822774659,0.5876685934489403,0.7778385772913816,0.28991060025542786,0.4473324213406293,0.0,0.43454345434543457
0.32187993680884674,0.5749534450651769,0.7610644257703081,0.3315068493150685,0.37623762376237624,0.0,0.5533262935586061
0.3334644121116791,0.6126696832579186,0.7181075753308928,0.2248062015503876,0.3908969210174029,0.0,0.598531211750306
0.3815530153724872,0.5853427895981087,0.7141673570836785,0.052486187845303865,0.2864450127877238,0.0,0.5832363213038417
0.3781052631578947,0.5699597675458203,0.742719819055697,0.28287841191067,0.44399460188933876,0.0,0.4483870967741935
