Shopping,Community,Food,Entertainment,Travel,Outdoors,Nightlife
0.8489841986455982,0.1,0.2817887931034483,0.015681544028950542,0.0046439628482972135,0.0013774104683195593,0.1543778801843318
0.7891187050359713,0.09840728100113766,0.3377789874795863,0.007100591715976331,0.0,0.0,0.19002375296912113
0.8032183908045977,0.09317803660565724,0.32563138097796884,0.024734982332155476,0.0,0.0027063599458728013,0.18478260869565216
0.7604355716878403,0.10124434389140272,0.3736654804270463,0.01652892561983471,0.0,0.0,0.18620689655172415
0.8343694493783304,0.10312862108922363,0.28888888888888886,0.02181818181818182,0.0,0.006756756756756757,0.22300469483568075
