Shopping,Community,Food,Entertainment,Travel,Outdoors,Nightlife
0.41093366093366096,0.6163301141352063,0.6981205951448708,0.45723014256619143,0.6214788732394366,0.0,0.5298165137614679
0.4146341463414634,0.5914988814317673,0.6958976289047798,0.52,0.6261682242990654,0.059734513274336286,0.5401730531520396
0.3760139049826188,0.5884995507637018,0.7044595616024187,0.471898197242842,0.5922053231939164,0.0,0.5645933014354066
0.4109429569266589,0.5931623931623932,0.7059055118110236,0.441207075962539,0.5843920145190563,0.0,0.515032679738562
0.4214922048997773,0.6148459383753502,0.7181156644963615,0.4780334728033473,0.5925581395348837,0.057736720554272515,0.4519906323185012
