Shopping,Community,Food,Entertainment,Travel,Outdoors,Nightlife
0.46253071253071254,0.6290605794556628,0.6914643696162882,0.4195519348268839,0.602112676056338,0.0,0.6112385321100917
0.40127758420441345,0.6492170022371365,0.6891230711328566,0.4562162162162162,0.6261682242990654,0.01991150442477876,0.5550061804697157
0.3760139049826188,0.5911949685534591,0.7203325774754347,0.43160127253446445,0.6226235741444867,0.0,0.6004784688995215
0.3370197904540163,0.6286324786324786,0.6988188976377953,0.41103017689906346,0.5698729582577132,0.022675736961451247,0.6666666666666666
0.4042316258351893,0.6596638655462185,0.6694752968211414,0.45083682008368203,0.6232558139534884,0.0,0.6545667447306791
