Shopping,Community,Food,Entertainment,Travel,Outdoors,Nightlife,accuracy,macro avg,weighted avg
0.25592005213990876,0.3754185542643293,0.38868727318233015,0.003450258769407706,0.17781337605126152,0.20630372492836677,0.39865007382408774,0.3093070652173913,0.2580347590228131,0.27677766118957753
0.2870065789473684,0.3729575163398693,0.3910757789460188,0.009019165727170236,0.13507809202195017,0.22370511598347634,0.41254628621215417,0.3127038043478261,0.26162693345400106,0.28033719422426895
0.2563200703451308,0.36607142857142855,0.3960396039603961,0.0034227039361095263,0.14088050314465408,0.20424403183023873,0.3990708478513357,0.3061182868796737,0.2522927413770419,0.272347052095201
0.2546681664791901,0.361672794117647,0.4045398359366221,0.006655574043261232,0.18533123028391166,0.2266897746967071,0.38711111111111113,0.31216859279401765,0.26095264095263576,0.2795731883610484
0.21756919374247893,0.3526881720430108,0.39932885906040266,0.005704506560182544,0.15702479338842976,0.21128138245842845,0.40405862457722663,0.3040108769544528,0.24966507597573712,0.2668463094427184
