Shopping,Community,Food,Entertainment,Travel,Outdoors,Nightlife
0.31675392670157065,0.3665178571428571,0.4099787685774947,0.0,0.16,0.0,0.45155555555555554
0.3393885688967656,0.3820116054158607,0.4090709903593339,0.3333333333333333,0.13432835820895522,0.0,0.43609022556390975
0.3168819188191882,0.3490768570201803,0.41224093264248707,0.0,0.25757575757575757,0.0,0.48584371460928655
0.30833333333333335,0.3881544156530936,0.4041325781413887,0.08695652173913043,0.22340425531914893,0.0,0.48313492063492064
0.29924433249370275,0.35980629539951575,0.3927461139896373,0.0,0.391304347826087,0.0,0.4847870182555781
