Shopping,Community,Food,Entertainment,Travel,Outdoors,Nightlife
0.20905321354526607,0.3896535358329378,0.7716283716283716,0.0,0.0034934497816593887,0.0,0.3427800269905533
0.26432022084196,0.35974499089253187,0.7572500506996552,0.0007627765064836003,0.007685738684884714,0.0,0.36149584487534625
0.23804573804573806,0.37990654205607477,0.7568370986920333,0.0,0.015482695810564663,0.0,0.30730659025787965
0.23658969804618118,0.3385608856088561,0.7774414850686037,0.0014545454545454545,0.01784197111299915,0.0,0.32949932341001353
0.2009472259810555,0.34098210188159706,0.7814432989690722,0.0,0.007407407407407408,0.0,0.33638282899366645
