Shopping,Community,Food,Entertainment,Travel,Outdoors,Nightlife,accuracy,macro avg,weighted avg
0.4607750472589792,0.46838025295797636,0.48779272546088687,0.00625,0.32974137931034486,0.0,0.314878892733564,0.43328125,0.29540261396025025,0.40668290730260126
0.45364796532627016,0.4592592592592592,0.49056603773584906,0.0,0.25273390036452004,0.0,0.2681564245810056,0.42109375,0.27490908389527197,0.38854489035886786
0.4774253299374855,0.4563964656165962,0.46631070429697435,0.0,0.3233082706766917,0.0,0.28793774319066145,0.42890625,0.2873397876740585,0.3989987307391344
0.4481589147286822,0.4834756776828816,0.4721499219156689,0.0,0.3523206751054852,0.0,0.24418604651162795,0.42390625,0.2857558908491923,0.3954499798902591
0.44738743077293525,0.48119180633147113,0.4769620253164557,0.0,0.2690187431091511,0.0,0.28185328185328185,0.42375,0.2794876124833278,0.3951372759525386
