Shopping,Community,Food,Entertainment,Travel,Outdoors,Nightlife
0.36432637571157495,0.46057571964956195,0.44732210208700024,0.0,0.5424242424242425,0.0,0.3505535055350554
0.37480265235238397,0.42338709677419356,0.4483204134366925,0.0,0.5459459459459459,0.0,0.42024539877300615
0.35420045410314627,0.4753846153846154,0.42778610694652675,0.0,0.4437627811860941,0.0,0.3670886075949367
0.3392857142857143,0.47285886610373945,0.4363683393688567,0.0,0.5,0.0,0.4666666666666667
0.3584265852831468,0.4534746760895171,0.4099926524614254,0.0,0.546583850931677,0.0,0.45103857566765576
