Shopping,Community,Food,Entertainment,Travel,Outdoors,Nightlife
0.5934266585514303,0.47953216374269003,0.4972067039106145,0.003134796238244514,0.24440894568690097,0.0,0.24661246612466126
0.5818406423718344,0.484375,0.5077081192189106,0.0,0.17993079584775087,0.0,0.207492795389049
0.6177351707609346,0.4798061389337641,0.46833503575076607,0.0,0.24022346368715083,0.0,0.20273972602739726
0.5741775294847921,0.5019275250578258,0.484508547008547,0.0,0.2706645056726094,0.0,0.19090909090909092
0.558965102286402,0.5078616352201258,0.49683544303797467,0.0,0.19242902208201892,0.0,0.20916905444126074
