Shopping,Community,Food,Entertainment,Travel,Outdoors,Nightlife,accuracy,macro avg,weighted avg
0.3260297984224364,0.39794608472400506,0.5469473055679952,0.0,0.05825242718446602,0.002512562814070352,0.4457985888389993,0.41447010869565215,0.2539266810788532,0.356111826974764
0.33141461712890286,0.4084741728159962,0.5415749107753056,0.0,0.02527646129541864,0.0025608194622279133,0.4262734584450402,0.4094429347826087,0.2479392057032702,0.3515543204219569
0.3153600567577155,0.3700848111025443,0.542541517301924,0.0,0.0748829953198128,0.0,0.41925133689839567,0.4046906866077498,0.24601724534005606,0.3477492934813256
0.31683513419309867,0.38759689922480617,0.5348785379986627,0.005637773079633545,0.09010339734121123,0.0,0.4084656084656084,0.40129163834126447,0.24907390718614583,0.3463317182116785
0.3099173553719008,0.37334664337409534,0.532484076433121,0.0015313935681470136,0.06707317073170732,0.0,0.4591657903960743,0.401155676410605,0.2490740614107208,0.34277190392716816
