Shopping,Community,Food,Entertainment,Travel,Outdoors,Nightlife,accuracy,macro avg,weighted avg
0.27289461573861024,0.3942370661427636,0.44485070079219985,0.05408112168252378,0.24448598130841123,0.2568988173455979,0.43205574912891986,0.3454483695652174,0.29992915030557527,0.3182250683011121
0.2837158469945355,0.3971566154551709,0.44072623709505154,0.05696530295183842,0.1459412780656304,0.2634841909485431,0.43483927019982627,0.34116847826086955,0.2889755345300852,0.308355164962485
0.2526978417266187,0.3707507948153582,0.44541976142246237,0.06270783847980999,0.19622034579815037,0.23191415714780203,0.4233835252435784,0.33310673011556763,0.28329918066196863,0.30296355663062746
0.2704186684969115,0.38145315487571707,0.45254780852832877,0.05037037037037038,0.2148633038120909,0.26851255634256277,0.4183976261127596,0.3418082936777702,0.293794784076963,0.31276810054389154
0.27565982404692085,0.3658994833255049,0.4423354156655454,0.04024144869215292,0.20373250388802489,0.25891758917589175,0.42412366644894406,0.33501019714479946,0.2872728473204264,0.3049235858845104
