Shopping,Community,Food,Entertainment,Travel,Outdoors,Nightlife,accuracy,macro avg,weighted avg
0.320334875523243,0.4256120527306968,0.5373789799381176,0.0,0.09705042816365365,0.0033003300330033004,0.45454545454545453,0.41117527173913043,0.2626031601334527,0.3599718753946759
0.32331511839708565,0.43732376313765703,0.5337393183380806,0.004056795131845841,0.02775024777006937,0.0,0.456140350877193,0.41227921195652173,0.25461794195027593,0.3561170943675137
0.33070194154043103,0.39589860438621477,0.5279089945049649,0.0,0.09302325581395349,0.0,0.4205650764242705,0.40030570652173914,0.252585410381405,0.346375059944645
0.2971887550200803,0.41709774026681185,0.5360067777463994,0.0037558685446009393,0.10632911392405064,0.0032786885245901635,0.42348589921405455,0.4047214673913043,0.2553061204629411,0.3473605393868188
0.304180790960452,0.3890467579436838,0.5199211045364891,0.0,0.11349957007738608,0.0,0.45271453590192645,0.39444633152173914,0.2541946799171339,0.34088365966087075
