Shopping,Community,Food,Entertainment,Travel,Outdoors,Nightlife
0.33002129169623845,0.4373589164785553,0.4358272867848222,0.0,0.5070422535211268,0.16666666666666666,0.4222357229647631
0.3353335686551359,0.427930174563591,0.4332928311057108,0.0,0.19753086419753085,0.125,0.4095299420476497
0.3230377906976744,0.414985590778098,0.43041207196749853,0.0,0.2681564245810056,0.0,0.415547703180212
0.30928887376658726,0.44039929536112743,0.423728813559322,0.12121212121212122,0.3696969696969697,0.0,0.42170429715950475
0.3166783954961295,0.4103126714207351,0.41745975796028667,0.25,0.4782608695652174,0.0,0.45549374130737136
