Shopping,Community,Food,Entertainment,Travel,Outdoors,Nightlife
0.3027905039566847,0.4481586402266289,0.4365877392150503,0.0,0.4636363636363636,0.1,0.4390613171839515
0.3380952380952381,0.42586120818771844,0.4305181429250515,0.11764705882352941,0.2916666666666667,0.0,0.4309946029298381
0.33190578158458245,0.4306071871127633,0.4171872619229011,0.0,0.3170731707317073,0.0,0.41689623507805323
0.32206861239119305,0.4276940256839754,0.41904621725051516,0.125,0.44680851063829785,1.0,0.42407407407407405
0.32262703739213805,0.386748844375963,0.41290726817042606,0.0,0.44594594594594594,0.0,0.42727272727272725
