Shopping,Community,Food,Entertainment,Travel,Outdoors,Nightlife
0.35184700026198584,0.4432582048240411,0.4461394478240524,0.0,0.34328358208955223,0.0,0.43009320905459386
0.33236765867790363,0.43099875673435556,0.451247372749703,0.0,0.5,0.0,0.464808362369338
0.3438702583837273,0.409829237817576,0.4438435190192897,0.0,0.24731182795698925,0.0,0.4538123167155425
0.330113165884626,0.4283476898981989,0.4437961527942383,0.0,0.21568627450980393,0.0,0.4274425287356322
0.33569675484046907,0.4479440069991251,0.45624830332096644,0.0,0.43333333333333335,0.0,0.44233289646133683
