Shopping,Community,Food,Entertainment,Travel,Outdoors,Nightlife
0.3319327731092437,0.4118295371050698,0.733497461147869,0.0,0.01622002820874471,0.0,0.4050156739811912
0.32890278863695593,0.3810919750824478,0.7506840985101855,0.0,0.000724112961622013,0.0,0.38179736691471095
0.3104988830975428,0.35005336179295626,0.7514115672211201,0.0,0.016727272727272726,0.0,0.4016872160934458
0.3087248322147651,0.38808087974459027,0.748807875711429,0.0,0.007994186046511628,0.0,0.36413708690330476
0.32258909853249473,0.3620933521923621,0.767778285366225,0.0,0.018964259664478483,0.0,0.41008505467800727
