Shopping,Community,Food,Entertainment,Travel,Outdoors,Nightlife
0.2550537634408602,0.4069400630914827,0.5690676644839414,0.031322505800464036,0.1847457627118644,0.24544883866917766,0.5270988310308182
0.27925989672977625,0.3831858407079646,0.58414595784838,0.03153669724770642,0.09548022598870057,0.26595744680851063,0.5425474254742547
0.24089155593656236,0.3426763110307414,0.6085485854858549,0.03804034582132565,0.14095898324667822,0.2073019801980198,0.5221190606226106
0.2583041958041958,0.358974358974359,0.5927193528313628,0.02919290211791643,0.1576271186440678,0.2607879924953096,0.5280898876404494
0.25824175824175827,0.3536087153881071,0.581858407079646,0.022975301550832855,0.1445916114790287,0.2636192861615529,0.5331143951833607
