Shopping,Community,Food,Entertainment,Travel,Outdoors,Nightlife
0.32213370280568066,0.365049458313707,0.7341214185533961,0.0,0.030901287553648068,0.0012658227848101266,0.47214673913043476
0.3275862068965517,0.3907103825136612,0.7220085037456975,0.0,0.01350210970464135,0.00129366106080207,0.4444444444444444
0.30803880803880807,0.3339517625231911,0.7336762960031659,0.0,0.043517679057116954,0.0,0.42302158273381296
0.3247588424437299,0.34610059990770653,0.7250755287009063,0.002886002886002886,0.051303616484440706,0.0,0.3960328317373461
0.30343897505057316,0.3424908424908425,0.735002068680182,0.0007680491551459293,0.036065573770491806,0.0,0.4628975265017668
